CustomerID,FirstName,LastName,City,Country
C001,Yael,Cohen,Tel Aviv,Israel
C002,Marco,Rossi,Milan,Italy
C003,Priya,Sharma,Mumbai,India
C004,James,O'Brien,Dublin,Ireland
C005,Fatima,Al-Hassan,Amman,Jordan
C006,Elena,Petrova,Moscow,Russia
C007,Carlos,Mendez,Mexico City,Mexico
C008,Aisha,Nakamura,Tokyo,Japan
C009,Liam,Johansson,Stockholm,Sweden
C010,Nina,Bergmann,Berlin,Germany
C011,Oren,Levi,Haifa,Israel
C012,Sophie,Dupont,Paris,France
C013,Raj,Patel,Mumbai,India
C014,Anna,Kowalski,Warsaw,Poland
C015,David,Kim,Seoul,South Korea
