OrderID,CustomerID,ProductID,Quantity,OrderDate,Status
1001,C001,P101,2,2024-01-15,Delivered
1002,C001,P107,1,2024-01-15,Delivered
1003,C002,P104,1,2024-01-22,Delivered
1004,C003,P102,1,2024-02-03,Delivered
1005,C003,P108,2,2024-02-03,Delivered
1006,C003,P112,1,2024-02-10,Delivered
1007,C004,P106,3,2024-02-14,Delivered
1008,C004,P105,1,2024-02-14,Cancelled
1009,C005,P109,1,2024-03-01,Delivered
1010,C005,P103,2,2024-03-01,Delivered
1011,C005,P110,1,2024-03-05,Delivered
1012,C006,P112,1,2024-03-10,Returned
1013,C006,P101,1,2024-03-10,Delivered
1014,C007,P114,1,2024-03-18,Delivered
1015,C007,P106,2,2024-03-18,Delivered
1016,C007,P104,1,2024-03-25,Delivered
1017,C008,P113,1,2024-04-02,Delivered
1018,C008,P102,1,2024-04-02,Delivered
1019,C009,P115,1,2024-04-10,Delivered
1020,C009,P111,2,2024-04-10,Delivered
1021,C010,P107,1,2024-04-15,Delivered
1022,C010,P108,1,2024-04-15,Cancelled
1023,C010,P103,1,2024-04-20,Delivered
1024,C011,P101,1,2024-05-01,Delivered
1025,C011,P102,1,2024-05-01,Delivered
1026,C011,P112,1,2024-05-05,Delivered
1027,C011,P107,1,2024-05-05,Delivered
1028,C012,P104,2,2024-05-12,Delivered
1029,C012,P105,1,2024-05-12,Delivered
1030,C012,P106,1,2024-05-12,Delivered
1031,C013,P108,1,2024-05-20,Delivered
1032,C013,P109,1,2024-05-20,Delivered
1033,C013,P113,1,2024-05-25,Returned
1034,C014,P110,2,2024-06-01,Delivered
1035,C014,P115,1,2024-06-01,Delivered
1036,C014,P111,1,2024-06-05,Delivered
1037,C015,P102,1,2024-06-10,Delivered
1038,C015,P112,1,2024-06-10,Delivered
1039,C015,P113,1,2024-06-15,Delivered
1040,C001,P103,1,2024-06-20,Delivered
1041,C001,P112,1,2024-06-20,Delivered
1042,C002,P105,1,2024-06-25,Delivered
1043,C002,P107,1,2024-06-25,Delivered
1044,C003,P101,1,2024-07-01,Delivered
1045,C005,P114,1,2024-07-05,Delivered
1046,C008,P107,2,2024-07-10,Delivered
1047,C009,P104,1,2024-07-15,Cancelled
1048,C011,P114,1,2024-07-20,Delivered
1049,C015,P107,1,2024-07-25,Delivered
1050,C004,P109,1,2024-07-30,Delivered
